<?xml version="1.0"?>
<!DOCTYPE hibernate-mapping PUBLIC "-//Hibernate/Hibernate Mapping DTD 3.0//EN"
"http://hibernate.sourceforge.net/hibernate-mapping-3.0.dtd">
<!-- Generated Sep 29, 2015 5:36:11 PM by Hibernate Tools 3.5.0.Final -->
<hibernate-mapping package="domain">
    <class name="PhoneNumber">
        <id name="id" type="long">
            <column name="PHONENUMBERID" />
            <generator class="increment" />
        </id>
        
		<version name="version" access="field" column="VERSION" type="long"/>
        
        <property name="phoneKind" type="string">
            <column name="PHONEKIND" />
        </property>
        <property name="phoneNumber" type="string">
            <column name="PHONENUMBER" />
        </property>
       
       	<many-to-one name="contact" column="CONTACTID" not-null="true" fetch="join"/>
       
    </class>
</hibernate-mapping>
