<?xml version="1.0" encoding="UTF-8"?>
<!DOCTYPE hibernate-configuration PUBLIC
		"-//Hibernate/Hibernate Configuration DTD 3.0//EN"		
		"http://www.hibernate.org/dtd/hibernate-configuration-3.0.dtd">
		
<hibernate-configuration>
    <session-factory>
<property name="hibernate.connection.driver_class">com.mysql.jdbc.Driver</property>
<property name="hibernate.connection.url">jdbc:mysql://localhost/codel</property>
<property name="hibernate.connection.username">root</property>
<property name="hibernate.connection.password"></property>
<property name="hibernate.dialect">org.hibernate.dialect.MySQLDialect</property>

<property name="hibernate.transaction.factory_class">
     org.hibernate.transaction.JDBCTransactionFactory
</property>

<!-- <property name="current_session_context_class">thread</property> -->

<property name="hibernate.current_session_context_class">
 			org.springframework.orm.hibernate4.SpringSessionContext
 </property>
<property name="connection.pool_size">50</property>

<property name="hbm2ddl.auto">update</property>
<property name="hibernate.show_sql">true</property>
<property name="hibernate.format_sql">true</property>

<!-- <property name="hibernate.cache.provider_class">org.hibernate.cache.EhCacheProvider</property>
<property name="hibernate.cache.use_second_level_cache">false</property>
<property name="hibernate.cache.region.factory_class">org.hibernate.cache.ehcache.EhCacheRegionFactory</property>
 -->

<mapping resource="domain/Contact.hbm.xml"/>
<mapping resource="domain/Address.hbm.xml"/>
<mapping resource="domain/ContactGroup.hbm.xml"/>
<mapping resource="domain/PhoneNumber.hbm.xml"/>

</session-factory>
</hibernate-configuration>
