<?xml version="1.0"?>
<!DOCTYPE hibernate-mapping PUBLIC "-//Hibernate/Hibernate Mapping DTD 3.0//EN"
"http://hibernate.sourceforge.net/hibernate-mapping-3.0.dtd">
<hibernate-mapping package="domain">
    <class name="ContactGroup" table="CONTACTGROUP">
        <id name="groupId" type="long" column="GROUPID">
            <generator class="increment" />
        </id>
        
		<version name="version" access="field" column="VERSION" type="long"/>

        <property name="groupName" type="string">
            <column name="GROUPNAME" />
        </property>
        
        <set name="contacts" table="groupBooks" inverse="true">
   			<key column="GROUPID"></key>
   			<many-to-many class="Contact" column="CONTACTID"></many-to-many>
   		</set>
    </class>
</hibernate-mapping>
