<?xml version="1.0"?>
<!DOCTYPE hibernate-mapping PUBLIC "-//Hibernate/Hibernate Mapping DTD 3.0//EN"
"http://hibernate.sourceforge.net/hibernate-mapping-3.0.dtd">
<hibernate-mapping package="domain">
    <class name="Address" table="ADDRESS">
    	<id name="id" type="long" column="ADDRESSID">
    		<generator class="increment"></generator>
    	</id>
    	
		<version name="version" access="field" column="VERSION" type="long"/>
    	
    	<property name="street" type="string" column="STREET"></property>
    	<property name="city" type="string" column="CITY"></property>
     	<property name="zip" type="string" column="ZIP"></property>
      	<property name="country" type="string" column="COUNTRY"></property>
    	
    </class>
</hibernate-mapping>
